source,target,value
Dept of Earth Atmospheric & Planetary Sciences, Raffaele Ferrari, 2,
Research Laboratory of Electronics, Chathan Cooke, 6,
Dept of Electrical Engineering & Computer Science, Michael Carbin, 5,
Office of the Provost, Ronald Rivest, 2,
Department of Physics, Bruno Coppi, 6,
Department of Physics, Richard Temkin, 8,
Department of Mechanical Engineering, Thomas Peacock, 8,
Department of Brain and Cognitive Sciences, Matthew Wilson, 4,
Dept of Electrical Engineering & Computer Science, Dimitri Antoniadis, 8,
Department of Materials Science and Engineering, Gerbrand Ceder, 5,
Sloan School of Management, Erik Brynjolfsson, 6,
Program in Media Arts and Sciences, Fadel Adib, 3,
Department of Chemistry, Keith Nelson, 6,
Dept of Electrical Engineering & Computer Science, Max Shulaker, 2,
McGovern Institute for Brain Research, Dimitrios Pantazis, 9,
Department of Aeronautics and Astronautics, Zoltan Spakovszky, 10,
Office of the Institute Professors, Barbara Liskov, 6,
Dept of Electrical Engineering & Computer Science, Hae-Seung Lee, 8,
Department of Biological Engineering, Angela Koehler, 8,
David H Koch Institute for Integrative Cancer Res, Chengcheng Jin, 8,
Department of Materials Science and Engineering, Lorna Gibson, 5,
Dept of Electrical Engineering & Computer Science, David Karger, 8,
Department of Biological Engineering, Angela Belcher, 5,
Sloan School of Management, Retsef Levi, 3,
Office of Undergraduate Education, DiOnetta Crayton, 8,
Program in Media Arts and Sciences, Rosalind Picard, 9,
Department of Mathematics, Elchanan Mossel, 2,
Department of Physics, Yen-Jie Lee, 8,
Department of Brain and Cognitive Sciences, Yingxi Lin, 10,
Program in Media Arts and Sciences, Patricia Maes, 1,
Sloan School of Management, Roy Welsch, 6,
Dept of Earth Atmospheric & Planetary Sciences, Robert King, 8,
Department of Civil and Environmental Engineering, Abel Sanchez, 4,
Kavli Institute for Astrophysics & Space Research, Jacqueline Hewitt, 6,
Department of Biology, Aviv Regev, 10,
Department of Aeronautics and Astronautics, Warren Hoburg, 2,
Office of the Provost, Sallie Chisholm, 10,
Department of Civil and Environmental Engineering, Ole Madsen, 10,
Department of Mechanical Engineering, Mary Boyce, 3,
Department of Nuclear Science and Engineering, Matteo Bucci, 2,
Dept of Electrical Engineering & Computer Science, James Fujimoto, 1,
Department of Architecture, Leslie Norford, 9,
Dept of Electrical Engineering & Computer Science, Leslie Kaelbling, 3,
Department of Mechanical Engineering, Mandayam Srinivasan, 3,
Institute for Soldier Nanotechnologies, Steven Kooi, 6,
Department of Chemistry, Mei Hong, 10,
Department of Physics, Jeff Gore, 7,
Department of Civil and Environmental Engineering, Janelle Thompson, 5,
Sloan School of Management, Jason Jay, 10,
Department of Aeronautics and Astronautics, Karen Willcox, 10,
Dept of Electrical Engineering & Computer Science, Steven Leeb, 4,
Computer Science & Artificial Intelligence Lab, Boris Katz, 4,
Department of Physics, Gunther Roland, 2,
Department of Aeronautics and Astronautics, Brian Williams, 10,
Department of Chemistry, Adam Willard, 5,
Kavli Institute for Astrophysics & Space Research, Peter Fritschel, 8,
Department of Mechanical Engineering, Brian Anthony, 7,
Dept of Electrical Engineering & Computer Science, Thomas Heldt, 9,
Department of Chemical Engineering, William Tisdale, 2,
Dept of Earth Atmospheric & Planetary Sciences, Julien de Wit, 3,
Kavli Institute for Astrophysics & Space Research, George Ricker, 7,
Office of the Provost, Karen Shirer, 2,
Department of Urban Studies and Planning, Balakrishnan Rajagopal, 9,
Dept of Electrical Engineering & Computer Science, Gerald Sussman, 4,
Department of Mechanical Engineering, Ahmed Ghoniem, 5,
Department of Chemical Engineering, Karl Wittrup, 10,
Office of the Provost, Richard Lester, 3,
Comparative Media Studies/Writing, Federico Casalegno, 9,
Dept of Electrical Engineering & Computer Science, Randall Davis, 3,
Dept of Earth Atmospheric & Planetary Sciences, Thomas Herring, 9,
Department of Chemical Engineering, James Swan, 4,
David H Koch Institute for Integrative Cancer Res, Tyler Jacks, 5,
Plasma Science and Fusion Center, Abhay Ram, 4,
Department of Mathematics, Daniel Freedman, 9,
Department of Mechanical Engineering, Mathias Kolle, 3,
Department of Physics, Richard Milner, 5,
Department of Brain and Cognitive Sciences, Laura Schulz, 1,
Department of Mathematics, Roman Bezrukavnikov, 2,
Sloan School of Management, Glen Urban, 4,
Department of Nuclear Science and Engineering, Neil Todreas, 1,
Department of Urban Studies and Planning, Joseph Ferreira, 1,
Lemelson/MIT Program, Michael Cima, 9,
Department of Biological Engineering, John Wishnok, 8,
Department of Political Science, Charles Stewart, 6,
Department of Chemical Engineering, Allan Myerson, 6,
David H Koch Institute for Integrative Cancer Res, Anette Schafer, 7,
Plasma Science and Fusion Center, Joseph Minervini, 4,
Department of Brain and Cognitive Sciences, Roger Levy, 1,
Department of Biological Engineering, Ahmed Fazly, 1,
Department of Biological Engineering, Mark Bathe, 3,
Plasma Science and Fusion Center, Stephen Wukitch, 9,
Abdul Latif Jameel Poverty Action Lab, Mary Bates, 8,
Department of Biology, Susumu Tonegawa, 2,
Department of Physics, Raymond Ashoori, 3,
Department of Physics, Earl Marmar, 8,
School of Engineering, Vladimir Bulovic, 4,
Department of Aeronautics and Astronautics, Jaime Peraire, 10,
School of Engineering, Nicholas Ashford, 7,
Kavli Institute for Astrophysics & Space Research, Mark Schattenburg, 10,
Department of Urban Studies and Planning, Alan Berger, 6,
Department of Civil and Environmental Engineering, Daniele Veneziano, 4,
Department of Mechanical Engineering, Yuming Liu, 9,
Dept of Electrical Engineering & Computer Science, Henry Smith, 3,
Institute for Soldier Nanotechnologies, Ivan Celanovic, 9,
McGovern Institute for Brain Research, Daigo Homma, 6,
David H Koch Institute for Integrative Cancer Res, Anne Deconinck, 6,
Department of Physics, Iain Stewart, 1,
Department of Aeronautics and Astronautics, Steven Allmaras, 9,
Institute for Medical Engineering and Science, Jason Yang, 3,
Department of Biology, Angelika Amon, 8,
Institute for Data Systems and Society, Richard Larson, 3,
Dept of Electrical Engineering & Computer Science, Vivienne Sze, 7,
McGovern Institute for Brain Research, Robert Desimone, 10,
Department of Civil and Environmental Engineering, Roland Pellenq, 1,
Dept of Electrical Engineering & Computer Science, John Kassakian, 4,
Department of Physics, Peter Fisher, 7,
Department of Mechanical Engineering, Alexander Slocum, 5,
Department of Mechanical Engineering, Konstantin Turitsyn, 9,
Department of Nuclear Science and Engineering, Emilio Baglietto, 3,
Sociotechnical Systems Research Center, Donna Rhodes, 8,
Dept of Earth Atmospheric & Planetary Sciences, Bradford Hager, 9,
Sloan School of Management, Georgia Perakis, 6,
Department of Chemical Engineering, Yuriy Roman, 3,
Department of Brain and Cognitive Sciences, Vikash Mansinghka, 6,
Nuclear Reactor Laboratory, Boris Khaykovich, 8,
David H Koch Institute for Integrative Cancer Res, Mandar Muzumdar, 3,
Computer Science & Artificial Intelligence Lab, James Glass, 10,
Department of Mechanical Engineering, Dick Yue, 4,
Department of Civil and Environmental Engineering, Philip Gschwend, 9,
Dept of Earth Atmospheric & Planetary Sciences, Carl Wunsch, 4,
Dept of Electrical Engineering & Computer Science, Ronitt Rubinfeld, 8,
History Section, Harriet Ritvo, 9,
Department of Mathematics, Tomasz Mrowka, 1,
Dept of Electrical Engineering & Computer Science, Gregory Wornell, 8,
Program in Media Arts and Sciences, Cynthia Breazeal, 4,
Department of Mechanical Engineering, Themistoklis Sapsis, 9,
DLC Heads Science, Alan Grossman, 2,
Department of Biology, Stephen Bell, 9,
Department of Biology, Michael Yaffe, 5,
Dept of Electrical Engineering & Computer Science, Rodney Brooks, 5,
Dept of Electrical Engineering & Computer Science, Anantha Chandrakasan, 3,
Dept of Electrical Engineering & Computer Science, Peter Szolovits, 7,
Dept of Electrical Engineering & Computer Science, Elfar Adalsteinsson, 9,
Department of Materials Science and Engineering, Geoffrey Beach, 3,
Department of Biological Engineering, Linda Griffith, 3,
Department of Aeronautics and Astronautics, Luca Carlone, 3,
Department of Physics, Edward Farhi, 2,
Department of Political Science, Adam Berinsky, 3,
Department of Biology, Chris Kaiser, 6,
Health Sciences and Technology Program, Bruce Rosen, 1,
Department of Biological Engineering, Murat Cirit, 5,
Sloan School of Management, Yanchong Zheng, 1,
Dept of Electrical Engineering & Computer Science, Jongyoon Han, 2,
Department of Mechanical Engineering, Kripa Varanasi, 9,
Haystack Observatory, Pedro Elosegui, 6,
Sloan School of Management, Tauhid Zaman, 3,
Department of Civil and Environmental Engineering, Lydia Bourouiba, 9,
Department of Mechanical Engineering, Daniel Frey, 2,
Department of Civil and Environmental Engineering, Earle Williams, 1,
Sloan School of Management, Andreas Schulz, 6,
Department of Civil and Environmental Engineering, Moshe Ben-Akiva, 4,
Comparative Media Studies/Writing, Suzanne Lane, 10,
Department of Chemical Engineering, Klavs Jensen, 1,
Department of Economics, Alexander Wolitzky, 6,
Department of Mathematics, Andrew Lawrie, 1,
Program in Media Arts and Sciences, Neri Oxman, 5,
Computer Science & Artificial Intelligence Lab, John Fisher, 10,
Laboratory for Nuclear Science, Stephen Steadman, 4,
Department of Biology, Jonathan King, 3,
Dept of Electrical Engineering & Computer Science, Martha Gray, 10,
Department of Chemical Engineering, Paul Barton, 9,
Institute for Soldier Nanotechnologies, John Joannopoulos, 1,
Department of Aeronautics and Astronautics, Moe Win, 1,
Department of Biological Engineering, Forest White, 5,
Department of Materials Science and Engineering, Yet-Ming Chiang, 4,
Dept of Electrical Engineering & Computer Science, John Guttag, 3,
Department of Brain and Cognitive Sciences, James DiCarlo, 1,
Department of Civil and Environmental Engineering, Dara Entekhabi, 4,
Lincoln Laboratory, Richard Williams, 7,
Dept of Electrical Engineering & Computer Science, Hari Balakrishnan, 8,
Dept of Earth Atmospheric & Planetary Sciences, Michael Person, 10,
Materials Research Laboratory, Felice Frankel, 6,
Department of Physics, Boleslaw Wyslouch, 5,
Department of Biology, Harvey Lodish, 6,
Department of Mechanical Engineering, Nicholas Makris, 6,
Department of Chemistry, Sylvia Ceyer, 3,
Kavli Institute for Astrophysics & Space Research, Alan Levine, 6,
Department of Mechanical Engineering, Kamal Youcef-Toumi, 5,
Department of Aeronautics and Astronautics, Jonathan How, 2,
Department of Nuclear Science and Engineering, Michael Driscoll, 5,
Department of Chemical Engineering, Gregory Stephanopoulos, 1,
Department of Physics, Tracy Slatyer, 2,
Department of Economics, David Autor, 6,
Department of Aeronautics and Astronautics, Brian Wardle, 7,
Department of Brain and Cognitive Sciences, Mehrdad Jazayeri, 6,
Department of Political Science, Fotini Christia, 10,
Office of the Institute Professors, Jerome Friedman, 10,
Department of Physics, Michael Williams, 10,
Plasma Science and Fusion Center, Peter Catto, 3,
Department of Economics, Drew Fudenberg, 2,
Center for Transportation and Logistics, James Rice, 3,
Department of Materials Science and Engineering, Christopher Schuh, 2,
Department of Mechanical Engineering, Victor Wong, 3,
Department of Mechanical Engineering, Anastasios Hart, 10,
Department of Physics, Christoph Paus, 7,
Department of Nuclear Science and Engineering, Nuno Gomes Loureiro, 5,
Haystack Observatory, Michael Hecht, 8,
McGovern Institute for Brain Research, Caroline Robertson, 7,
Dept of Electrical Engineering & Computer Science, Patrick Jaillet, 2,
Dept of Earth Atmospheric & Planetary Sciences, Francesca DeMeo, 3,
Department of Materials Science and Engineering, Donald Sadoway, 8,
Plasma Science and Fusion Center, Paul Bonoli, 5,
Plasma Science and Fusion Center, Martin Greenwald, 2,
Sloan School of Management, Jean-Noel Barrot, 2,
Department of Biology, Laurie Boyer, 7,
Dept of Electrical Engineering & Computer Science, Samuel Madden, 5,
Department of Materials Science and Engineering, Jeffrey Grossman, 8,
Dept of Electrical Engineering & Computer Science, James Kirtley, 1,
Department of Aeronautics and Astronautics, Julie Shah, 1,
Sloan School of Management, John Hauser, 3,
Department of Aeronautics and Astronautics, Paulo Lozano, 4,
Kavli Institute for Astrophysics & Space Research, Michael Nowak, 4,
Department of Physics, Mehran Kardar, 3,
Office of the Provost, Martin Schmidt, 4,
Lincoln Laboratory, Peter Carr, 10,
Department of Biological Engineering, Michael Birnbaum, 6,
Department of Physics, T Donnelly, 2,
Dept of Earth Atmospheric & Planetary Sciences, Jahandar Ramezani, 4,
Laboratory for Nuclear Science, Bernd Surrow, 5,
Department of Economics, Frank Schilbach, 7,
Dept of Earth Atmospheric & Planetary Sciences, Timothy Grove, 5,
Department of Mechanical Engineering, Henrik Schmidt, 6,
Department of Physics, Miklos Porkolab, 9,
Department of Mechanical Engineering, Yang Shao-Horn, 5,
Computer Science & Artificial Intelligence Lab, Una-May O'Reilly, 2,
Department of Chemical Engineering, Charles Cooney, 8,
Dept of Earth Atmospheric & Planetary Sciences, Robert Reilinger, 8,
Department of Mathematics, William Minicozzi, 9,
Research Laboratory of Electronics, Stefanie Hufnagel, 1,
Program in Media Arts and Sciences, Joichi Ito, 8,
Department of Mathematics, Richard Stanley, 1,
Office of the Provost, Sanjay Sarma, 7,
Department of Architecture, Leon Glicksman, 6,
Department of Mechanical Engineering, Anuradha Annaswamy, 7,
Center for Transportation and Logistics, Frederick Salvucci, 1,
Department of Biology, Amy Keating, 6,
Dept of Earth Atmospheric & Planetary Sciences, John Marshall, 10,
MIT Energy Initiative, Francis O'Sullivan, 2,
Department of Political Science, Richard Samuels, 3,
Department of Aeronautics and Astronautics, Edward Greitzer, 9,
Research Laboratory of Electronics, Ming-Ru Wu, 5,
Department of Brain and Cognitive Sciences, Kay Tye, 5,
Program in Media Arts and Sciences, Neil Gershenfeld, 3,
Dept of Electrical Engineering & Computer Science, Bruce Tidor, 1,
Office of the Vice President for Research, Maria Zuber, 2,
Department of Physics, Nevin Weinberg, 9,
Lincoln Laboratory, Marija Ilic, 8,
Department of Mechanical Engineering, Alexandra Techet, 8,
Department of Chemical Engineering, Martin Bazant, 8,
Department of Aeronautics and Astronautics, David Darmofal, 3,
Department of Brain and Cognitive Sciences, Guoping Feng, 5,
Comparative Media Studies/Writing, Thomas Levenson, 3,
Office of the Vice President for Research, John Essigmann, 5,
Dept of Electrical Engineering & Computer Science, Jeffrey Shapiro, 10,
Sloan School of Management, Steven Eppinger, 1,
Department of Nuclear Science and Engineering, Paola Cappellaro, 1,
Dept of Electrical Engineering & Computer Science, Devavrat Shah, 9,
Department of Aeronautics and Astronautics, Robert Haimes, 10,
Sloan School of Management, James Orlin, 10,
Department of Chemical Engineering, Robert Armstrong, 4,
Program in Media Arts and Sciences, Kevin Esvelt, 8,
David H Koch Institute for Integrative Cancer Res, Madeleine Oudin, 6,
Department of Civil and Environmental Engineering, Benedetto Marelli, 10,
Department of Mathematics, Philippe Rigollet, 3,
Dept of Electrical Engineering & Computer Science, Qing Hu, 7,
Department of Physics, Pablo Jarillo-Herrero, 6,
Department of Materials Science and Engineering, Joel Clark, 4,
Department of Biology, Frank Gertler, 6,
Department of Chemical Engineering, Jefferson Tester, 3,
Dept of Electrical Engineering & Computer Science, Dina Katabi, 9,
Department of Civil and Environmental Engineering, Saurabh Amin, 4,
School of Engineering, Eboney Hearn, 7,
Sloan School of Management, Robert Freund, 3,
Department of Linguistics and Philosophy, Michel DeGraff, 4,
Institute for Data Systems and Society, Christopher Magee, 5,
Office of the Provost, Krystyn Van Vliet, 4,
Plasma Science and Fusion Center, John Rice, 1,
Department of Mechanical Engineering, Ian Hunter, 4,
Dept of Electrical Engineering & Computer Science, Akintunde Akinwande, 5,
Sloan School of Management, Arnold Barnett, 2,
Institute for Data Systems and Society, Munther Dahleh, 3,
Institute for Medical Engineering and Science, Kumaran Kolandaivelu, 8,
Laboratory for Information and Decision Systems, Mardavij Roozbehani, 10,
Department of Mechanical Engineering, Matthew Lang, 9,
Department of Chemistry, Alexander Radosevich, 3,
Office of the Provost, Chokyun Rha, 10,
Lincoln Laboratory, Todd Thorsen, 6,
Research Laboratory of Electronics, Kyung-Han Hong, 4,
Dept of Electrical Engineering & Computer Science, Charles Sodini, 8,
Department of Mechanical Engineering, David Trumper, 10,
Dept of Electrical Engineering & Computer Science, Leslie Kolodziejski, 2,
Institute for Medical Engineering and Science, Mercedes Balcells-Camps, 2,
Department of Chemistry, Stephen Buchwald, 8,
Haystack Observatory, Frank Lind, 8,
Department of Mathematics, Paul Seidel, 1,
Department of Mechanical Engineering, Pierre Lermusiaux, 2,
Sloan School of Management, Michael Siegel, 9,
Department of Urban Studies and Planning, Frank Levy, 4,
Department of Physics, Scott Hughes, 7,
Sloan School of Management, Michael Cusumano, 4,
Department of Nuclear Science and Engineering, Anne White, 6,
Department of Mechanical Engineering, Tomasz Wierzbicki, 5,
Department of Physics, June Matthews, 8,
Inst for Medical Eng. and Science Prof, Leonid Mirny, 4,
Dept of Electrical Engineering & Computer Science, Erik Demaine, 5,
Dept of Electrical Engineering & Computer Science, Jerome Saltzer, 6,
Research Laboratory of Electronics, Rahul Sarpeshkar, 3,
Department of Chemical Engineering, Paula Hammond, 1,
Department of Mechanical Engineering, Wai Cheng, 10,
Department of Materials Science and Engineering, Merton Flemings, 8,
Department of Urban Studies and Planning, Albert Saiz, 4,
Department of Physics, Leonid Levitov, 4,
Department of Civil and Environmental Engineering, Robert Logcher, 5,
Department of Biology, Richard Hynes, 8,
Dept of Earth Atmospheric & Planetary Sciences, Daniel Rothman, 5,
Nuclear Reactor Laboratory, Lin-Wen Hu, 2,
Department of Mathematics, Alexei Borodin, 10,
Computer Science & Artificial Intelligence Lab, Howard Shrobe, 6,
Dept of Earth Atmospheric & Planetary Sciences, German Prieto Gomez, 8,
Dept of Electrical Engineering & Computer Science, Jacob White, 9,
Dept of Earth Atmospheric & Planetary Sciences, William Rodi, 6,
Department of Chemistry, JoAnne Stubbe, 7,
Department of Biological Engineering, Katharina Ribbeck, 2,
Department of Brain and Cognitive Sciences, Michale Fee, 10,
Dept of Electrical Engineering & Computer Science, Lizhong Zheng, 2,
Department of Biological Engineering, Ernest Fraenkel, 2,
Terrascope, Ari Epstein, 1,
Department of Physics, George Benedek, 1,
Institute for Soldier Nanotechnologies, Michael Jordan, 7,
Department of Civil and Environmental Engineering, Herbert Einstein, 5,
Sloan School of Management, Sinan Aral, 8,
Dept of Electrical Engineering & Computer Science, John Tsitsiklis, 5,
Dept of Electrical Engineering & Computer Science, Justin Solomon, 2,
Center for Information Systems Research, Peter Weill, 1,
Office of the Institute Professors, Ann Graybiel, 4,
Department of Nuclear Science and Engineering, Richard Lanza, 2,
Department of Housing, Michael Collins, 2,
Department of Urban Studies and Planning, Mariana Arcaya, 1,
Department of Economics, Joshua Angrist, 5,
Department of Mechanical Engineering, Hermano Krebs, 8,
Dept of Electrical Engineering & Computer Science, Vincent Chan, 8,
Department of Aeronautics and Astronautics, Youssef Marzouk, 2,
Department of Materials Science and Engineering, Edwin Thomas, 8,
Department of Nuclear Science and Engineering, Koroush Shirvan, 2,
Department of Physics, Paul Schechter, 5,
Computer Science & Artificial Intelligence Lab, Larry Rudolph, 1,
Lincoln Laboratory, James Evans, 2,
Department of Biological Engineering, Douglas Lauffenburger, 6,
Dept of Electrical Engineering & Computer Science, Joel Schindall, 7,
Plasma Science and Fusion Center, Brian Labombard, 6,
Department of Brain and Cognitive Sciences, Martha Constantine-Paton, 10,
Dept of Electrical Engineering & Computer Science, Luca Daniel, 2,
Kavli Institute for Astrophysics & Space Research, David Shoemaker, 6,
Department of Materials Science and Engineering, W Carter, 7,
Anthropology Program, Susan Silbey, 1,
Department of Mechanical Engineering, Jeehwan Kim, 6,
Dept of Electrical Engineering & Computer Science, Manolis Kellis, 5,
Center for Biomedical Innovation, Stacy Springs, 3,
Dept of Electrical Engineering & Computer Science, Daniel Jackson, 7,
Department of Aeronautics and Astronautics, Choon Tan, 10,
Department of Economics, Parag Pathak, 3,
McGovern Institute for Brain Research, Clemens Bauer Hoss, 5,
Department of Architecture, Mark Goulthorpe, 8,
Sloan School of Management, Vivek Farias, 3,
Department of Biology, Jianzhu Chen, 2,
Kavli Institute for Astrophysics & Space Research, Erotokritos Katsavounidis, 8,
Department of Mechanical Engineering, Emanuel Sachs, 5,
Department of Physics, Lindley Winslow, 5,
Department of Materials Science and Engineering, Rafael Jaramillo, 8,
Department of Aeronautics and Astronautics, Amedeo Odoni, 6,
Department of Mathematics, Laurent Demanet, 1,
Dept of Earth Atmospheric & Planetary Sciences, Jason Soderblom, 1,
Department of Mechanical Engineering, Cullen Buie, 8,
Program in Media Arts and Sciences, Edward Boyden, 8,
Department of Materials Science and Engineering, Silvija Gradecak, 3,
Department of Chemistry, Ramachandra Dasari, 5,
Department of Aeronautics and Astronautics, Emilio Frazzoli, 4,
Dept of Electrical Engineering & Computer Science, Tomas Palacios, 1,
MIT Energy Initiative, Howard Herzog, 5,
Computer Science & Artificial Intelligence Lab, Stephanie Seneff, 8,
Department of Economics, Heidi Williams, 8,
Plasma Science and Fusion Center, Amanda Hubbard, 6,
Department of Biological Engineering, Christopher Voigt, 7,
Dept of Electrical Engineering & Computer Science, George Verghese, 2,
Department of Mechanical Engineering, Sang-Gook Kim, 6,
Department of Brain and Cognitive Sciences, Weifeng Xu, 2,
Dept of Electrical Engineering & Computer Science, Ruonan Han, 10,
Department of Chemistry, Gabriela Schlau-Cohen, 1,
Dept of Electrical Engineering & Computer Science, Martin Rinard, 10,
Computer Science & Artificial Intelligence Lab, Lalana Kagal, 9,
Microsystems Technology Laboratories, David Terry, 8,
Dept of Electrical Engineering & Computer Science, Tommi Jaakkola, 2,
Department of Physics, Ulrich Becker, 5,
Department of Mechanical Engineering, Douglas Hart, 2,
Department of Mechanical Engineering, Lallit Anand, 2,
Center for International Studies, John Tirman, 4,
Dept of Earth Atmospheric & Planetary Sciences, Michael Follows, 5,
Department of Mechanical Engineering, Amy Smith, 4,
Dept of Electrical Engineering & Computer Science, Jing Kong, 10,
Dept of Earth Atmospheric & Planetary Sciences, Glenn Flierl, 3,
Dept of Electrical Engineering & Computer Science, Armando Solar Lezama, 7,
Division of Comparative Medicine, Susan Erdman, 1,
Department of Physics, Ibrahim Cisse, 5,
Department of Economics, Nikhil Agarwal, 5,
Department of Brain and Cognitive Sciences, Myriam Heiman, 10,
Department of Chemical Engineering, Kwanghun Chung, 1,
Dept of Earth Atmospheric & Planetary Sciences, Kerry Emanuel, 7,
Plasma Science and Fusion Center, Joshua Stillerman, 7,
Department of Mathematics, Victor Kac, 9,
Department of Mechanical Engineering, Triantaphyllos Akylas, 6,
Department of Physics, Deepto Chakrabarty, 7,
Department of Mechanical Engineering, David Hardt, 8,
Dept of Electrical Engineering & Computer Science, Rajeev Ram, 4,
Dept of Electrical Engineering & Computer Science, Stephen Ward, 10,
Department of Chemistry, Bradley Pentelute, 10,
Department of Political Science, Nazli Choucri, 7,
SoE Dept/Lab/Center/Director Org, Saman Amarasinghe, 10,
Department of Civil and Environmental Engineering, Elfatih Eltahir, 8,
Department of Chemical Engineering, Gregory McRae, 6,
Computer Science & Artificial Intelligence Lab, William Long, 1,
Department of Civil and Environmental Engineering, Franz-Josef Ulm, 3,
Department of Aeronautics and Astronautics, Kerri Cahoy, 5,
Sloan School of Management, Andrew McAfee, 8,
Department of Architecture, Lawrence Sass, 1,
Department of Mathematics, Bjorn Poonen, 9,
Haystack Observatory, Philip Erickson, 6,
Dept of Electrical Engineering & Computer Science, Christopher Terman, 7,
Department of Biology, Dennis Kim, 5,
Department of Civil and Environmental Engineering, Pedro Reis, 8,
Sloan School of Management, Henry Jacoby, 10,
Materials Research Laboratory, Susan Rosevear, 4,
Department of Mechanical Engineering, Anthony Patera, 10,
Dept of Earth Atmospheric & Planetary Sciences, Patrick Heimbach, 8,
Sloan School of Management, Christopher Knittel, 1,
Department of Mechanical Engineering, Nicholas Patrikalakis, 6,
Department of Mechanical Engineering, Peter So, 8,
McGovern Institute for Brain Research, Satrajit Ghosh, 3,
Department of Biological Engineering, Jacquin Niles, 8,
Department of Chemical Engineering, Zachary Smith, 10,
Department of Chemical Engineering, George Stephanopoulos, 10,
Department of Physics, Marin Soljacic, 1,
Department of Chemistry, Richard Schrock, 6,
Department of Mechanical Engineering, Gareth McKinley, 6,
Department of Mathematics, Tobias Colding, 8,
Sloan School of Management, Wanda Orlikowski, 3,
Dept of Electrical Engineering & Computer Science, Tomas Lozano-Perez, 10,
Department of Physics, William Detmold, 5,
Sloan School of Management, Catherine Tucker, 2,
Program in Media Arts and Sciences, Iyad Rahwan, 8,
Haystack Observatory, Shun-Rong Zhang, 7,
Haystack Observatory, Vincent Fish, 6,
Department of Chemistry, Rick Danheiser, 8,
Office of the Provost, Karen Gleason, 2,
Department of Chemistry, Troy Van Voorhis, 6,
Department of Mathematics, Joern Dunkel, 7,
Center for Global Change Science, Kenneth Strzepek, 3,
Sloan School of Management, David Gamarnik, 5,
Nuclear Reactor Laboratory, John Bernard, 6,
Media Laboratory, Neha Narula, 5,
Department of Civil and Environmental Engineering, Jesse Kroll, 1,
Department of Mechanical Engineering, Xuanlai Fang, 9,
Department of Biology, Graham Walker, 6,
Department of Chemistry, Matthew Shoulders, 10,
Department of Mathematics, Rodolfo Rosales, 3,
Institute for Data Systems and Society, Stan Finkelstein, 8,
Office of Undergraduate Education, Dennis Freeman, 5,
Department of Biology, Barbara Imperiali, 10,
Department of Nuclear Science and Engineering, Sow-Hsin Chen, 3,
Research Laboratory of Electronics, Charlotte Reed, 2,
Department of Physics, Robert Jaffe, 8,
Sloan School of Management, Neil Thompson, 6,
Office of the Provost, Daniel Hastings, 9,
Department of Physics, Jagadeesh Moodera, 6,
Dept of Earth Atmospheric & Planetary Sciences, Roger Summons, 2,
Department of Aeronautics and Astronautics, Dava Newman, 2,
Department of Brain and Cognitive Sciences, Ruth Rosenholtz, 10,
Program in Media Arts and Sciences, Andrew Lippman, 9,
Office of the Institute Professors, Robert Langer, 5,
Plasma Science and Fusion Center, Richard Petrasso, 4,
Dept of Electrical Engineering & Computer Science, Dirk Englund, 2,
Haystack Observatory, Lynn Matthews, 7,
Research Laboratory of Electronics, Franz Kaertner, 4,
Department of Mechanical Engineering, Arthur Baggeroer, 4,
Electrical Eng & Computer Sci, H. Seung, 3,
Office of the Provost, Krishna Rajagopal, 3,
Computer Science & Artificial Intelligence Lab, William Lehr, 3,
Department of Mathematics, Ankur Moitra, 3,
Media Laboratory, Nicole Degnan, 6,
Program in Media Arts and Sciences, Alex Pentland, 10,
Dept of Electrical Engineering & Computer Science, Nir Shavit, 2,
Department of Chemistry, Alexander Klibanov, 4,
Department of Mechanical Engineering, Franz Hover, 5,
Office of the Provost, Duane Boning, 6,
Media Laboratory, Kent Larson, 4,
Institute for Data Systems and Society, Jessika Trancik, 7,
Abdul Latif Jameel Poverty Action Lab, Rachel Glennerster, 10,
Department of Mathematics, Alexander Postnikov, 1,
Dept of Electrical Engineering & Computer Science, Regina Barzilay, 6,
Department of Chemistry, Christopher Cummins, 10,
Department of Economics, Jerry Hausman, 8,
Sloan School of Management, Jose Perez-Arriaga, 7,
Department of Mechanical Engineering, Anette Hosoi, 3,
Sloan School of Management, Charles Fine, 6,
Office of the Institute Professors, Thomas Magnanti, 9,
Department of Mathematics, Pavel Etingof, 10,
Department of Aeronautics and Astronautics, Laurence Young, 9,
Department of Civil and Environmental Engineering, Peter Shanahan, 6,
Department of Chemistry, Yogesh Surendranath, 9,
Department of Mechanical Engineering, Steven Dubowsky, 5,
Department of Brain and Cognitive Sciences, Mriganka Sur, 8,
Kavli Institute for Astrophysics & Space Research, Norbert Schulz, 2,
Sloan School of Management, Fiona Murray, 2,
Department of Mathematics, Steven Johnson, 8,
Department of Chemical Engineering, Michael Strano, 7,
Kavli Institute for Astrophysics & Space Research, Ronald Remillard, 5,
Department of Nuclear Science and Engineering, Benoit Forget, 5,
Plasma Science and Fusion Center, James Terry, 5,
Department of Mechanical Engineering, Martin Culpepper, 4,
Department of Materials Science and Engineering, Carl Thompson, 3,
Sloan School of Management, Renee Gosline, 4,
Institute for Data Systems and Society, Daniel Roos, 2,
Department of Materials Science and Engineering, Eugene Fitzgerald, 3,
Department of Economics, Benjamin Olken, 8,
Sea Grant College Program, Timothy Downes, 7,
Program in Media Arts and Sciences, Hiroshi Ishii, 6,
Department of Civil and Environmental Engineering, Ruben Juanes, 7,
Department of Materials Science and Engineering, Antoine Allanore, 3,
Department of Civil and Environmental Engineering, Dennis McLaughlin, 8,
Department of Biology, David Housman, 1,
Dept of Electrical Engineering & Computer Science, Luqiao Liu, 8,
Center for Information Systems Research, Jeanne Ross, 8,
Department of Civil and Environmental Engineering, David Simchi-Levi, 8,
Department of Physics, Aron Bernstein, 5,
Department of Physics, Washington Taylor, 1,
Department of Brain and Cognitive Sciences, Edward Adelson, 10,
Department of Physics, Joseph Formaggio, 5,
Department of Chemistry, Moungi Bawendi, 4,
Computer Science & Artificial Intelligence Lab, Patrick Dreher, 6,
Department of Mathematics, Andrei Negut, 7,
Department of Urban Studies and Planning, Sarah Williams, 7,
Media Laboratory, Caleb Harper, 3,
Dept of Electrical Engineering & Computer Science, Muriel Medard, 6,
Program in Media Arts and Sciences, Hugh Herr, 3,
Haystack Observatory, Colin Lonsdale, 8,
Computer Science & Artificial Intelligence Lab, Karen Sollins, 5,
Dept of Earth Atmospheric & Planetary Sciences, Susan Solomon, 2,
Department of Civil and Environmental Engineering, Nigel Wilson, 3,
Laboratory for Manufacturing and Productivity, Jung-Hoon Chun, 10,
Health Sciences and Technology Program, Sangeeta Bhatia, 4,
Media Laboratory, Kevin Slavin, 2,
Department of Chemical Engineering, Richard Braatz, 3,
Center for Global Change Science, Stephanie Dutkiewicz, 4,
SoE Dept/Lab/Center/Director Org, Joel Voldman, 3,
Department of Political Science, Barry Posen, 1,
Department of Chemical Engineering, Patrick Doyle, 7,
Dept of Earth Atmospheric & Planetary Sciences, Benjamin Weiss, 1,
Department of Physics, Kerstin Perez, 7,
Department of Biological Engineering, Alan Grodzinsky, 3,
Department of Physics, John Negele, 5,
Department of Mechanical Engineering, Rohit Karnik, 10,
Department of Mathematics, John Bush, 6,
Libraries, Micah Altman, 9,
Department of Biological Engineering, Steven Tannenbaum, 3,
Dept of Earth Atmospheric & Planetary Sciences, Sara Seager, 5,
Sloan School of Management, George Westerman, 3,
Dept of Electrical Engineering & Computer Science, Suvrit Sra, 10,
Department of Physics, Marc Kastner, 9,
Haystack Observatory, Larisa Goncharenko, 6,
Department of Aeronautics and Astronautics, Olivier de Weck, 2,
Dept of Electrical Engineering & Computer Science, Antonio Torralba, 5,
Department of Mathematics, Gigliola Staffilani, 4,
Department of Mathematics, David Jerison, 7,
Dept of Electrical Engineering & Computer Science, Berthold Horn, 10,
Center for Materials Science and Engineering, Michael Rubner, 10,
Dept of Electrical Engineering & Computer Science, Guy Bresler, 2,
Media Laboratory, Adam Marblestone, 6,
Department of Chemistry, Robert Griffin, 7,
Department of Physics, Markus Klute, 8,
Department of Civil and Environmental Engineering, Martin Polz, 4,
Program in Media Arts and Sciences, Mitchel Resnick, 4,
Office of the Vice President for Research, John Fernandez, 2,
MIT Energy Initiative, Robert Stoner, 8,
Computer Science & Artificial Intelligence Lab, Aude Oliva, 2,
Laboratory for Nuclear Science, Claude Williamson, 6,
Dept of Earth Atmospheric & Planetary Sciences, Eduardo Andrade Lima, 9,
Department of Aeronautics and Astronautics, Nancy Leveson, 10,
Department of Physics, Xiao-Gang Wen, 10,
Department of Political Science, Kenneth Oye, 3,
Dept of Electrical Engineering & Computer Science, Sanjoy Mitter, 2,
Dept of Earth Atmospheric & Planetary Sciences, Edward Boyle, 3,
Department of Chemical Engineering, Fikile Brushett, 7,
Department of Biology, Leonard Guarente, 4,
Department of Chemistry, Robert Field, 1,
Department of Brain and Cognitive Sciences, Evelina Fedorenko, 3,
Dept of Electrical Engineering & Computer Science, Collin Stultz, 6,
Department of Biology, Anthony Sinskey, 10,
Dept of Electrical Engineering & Computer Science, Polina Golland, 8,
Department of Mathematics, Goncalo Trigo Neri Tabuada, 10,
School of Science, Christine Malnati, 5,
Department of Aeronautics and Astronautics, Alvar Saenz-Otero, 8,
Department of Civil and Environmental Engineering, Marta Gonzalez, 3,
Abdul Latif Jameel World Water & Food Security Lab, John Lienhard, 5,
Department of Materials Science and Engineering, Juejun Hu, 5,
Dept of Earth Atmospheric & Planetary Sciences, Daniel Cziczo, 7,
Department of Aeronautics and Astronautics, Raul Radovitzky, 10,
Department of Nuclear Science and Engineering, Areg Danagoulian, 3,
Program in Science Technology and Society, Louis Bucciarelli, 4,
Program in Science Technology and Society, David Kaiser, 2,
Department of Brain and Cognitive Sciences, Pawan Sinha, 8,
Department of Mechanical Engineering, Sangbae Kim, 5,
Department of Economics, Abhijit Banerjee, 6,
Comparative Media Studies/Writing, Philip Tan, 5,
Dept of Electrical Engineering & Computer Science, Vinod Vaikuntanathan, 8,
Center for Environmental Health Sciences, Kathleen Vandiver, 6,
Department of Brain and Cognitive Sciences, Tomaso Poggio, 6,
Sloan School of Management, S. Kothari, 4,
Department of Aeronautics and Astronautics, Qiqi Wang, 6,
Department of Physics, Joseph Checkelsky, 7,
Institute for Data Systems and Society, Joseph Sussman, 2,
Dept of Electrical Engineering & Computer Science, Victor Zue, 2,
Computer Science & Artificial Intelligence Lab, Henry Lieberman, 10,
Office of the Vice President for Research, Daniela Rus, 9,
Institute for Data Systems and Society, David Marks, 1,
Department of Chemistry, Mircea Dinca, 9,
Department of Aeronautics and Astronautics, Leia Stirling, 2,
Department of Biology, Jacqueline Lees, 9,
Department of Brain and Cognitive Sciences, Nancy Kanwisher, 3,
Department of Economics, Amy Finkelstein, 2,
Kavli Institute for Astrophysics & Space Research, Marshall Bautz, 2,
McGovern Institute for Brain Research, Ian Wickersham, 8,
Department of Physics, Liang Fu, 7,
Institute for Medical Engineering and Science, Chi-Sang Poon, 7,
Department of Physics, Claude Canizares, 4,
Dept of Electrical Engineering & Computer Science, Adam Chlipala, 4,
Department of Nuclear Science and Engineering, Michael Golay, 3,
Brain And Cognitive Sciences, D Montgomery, 3,
Anthropology Program, Graham Jones, 8,
Sloan School of Management, Stephen Graves, 4,
Department of Aeronautics and Astronautics, Peter Belobaba, 10,
Department of Chemistry, Timothy Swager, 4,
Department of Mathematics, Asaf Ferber, 3,
Department of Civil and Environmental Engineering, Benjamin Kocar, 8,
Department of Aeronautics and Astronautics, Manuel Martinez-Sanchez, 3,
Department of Mathematics, Vadim Gorin, 3,
Dept of Electrical Engineering & Computer Science, Terry Orlando, 1,
Department of Mechanical Engineering, Warren Seering, 9,
Department of Brain and Cognitive Sciences, Mark Bear, 9,
Institute for Medical Engineering and Science, Amar Gupta, 5,
Department of Civil and Environmental Engineering, Colette Heald, 2,
Department of Biology, Michael Hemann, 8,
Department of Biology, Thomas Schwartz, 7,
Department of Physics, Janet Conrad, 7,
Office of the Institute Professors, Phillip Sharp, 10,
Sloan School of Management, Andrew Lo, 6,
Department of Civil and Environmental Engineering, Chiang Mei, 10,
Department of Architecture, Christoph Reinhart, 4,
Institute for Data Systems and Society, Richard de Neufville, 8,
Department of Brain and Cognitive Sciences, Elly Nedivi, 8,
Department of Mathematics, Davesh Maulik, 10,
Department of Physics, Nuh Gedik, 3,
Department of Biology, Matthew Vander Heiden, 3,
Dept of Electrical Engineering & Computer Science, Russell Tedrake, 9,
Department of Physics, Wolfgang Ketterle, 1,
Department of Aeronautics and Astronautics, Steven Barrett, 10,
Dept of Electrical Engineering & Computer Science, Wojciech Matusik, 8,
Sloan School of Management, Dimitris Bertsimas, 3,
School of Engineering, Ram Sasisekharan, 4,
Plasma Science and Fusion Center, Bruce Lipschultz, 5,
Dept of Electrical Engineering & Computer Science, Srinivas Devadas, 6,
Dept of Electrical Engineering & Computer Science, Isaac Chuang, 7,
Department of Nuclear Science and Engineering, Sidney Yip, 1,
Department of Architecture, Takehiko Nagakura, 5,
Department of Nuclear Science and Engineering, Jacopo Buongiorno, 1,
Department of Physics, Jesse Thaler, 9,
Department of Biology, J. Littleton, 7,
Plasma Science and Fusion Center, Darin Ernst, 5,
Dept of Electrical Engineering & Computer Science, Aleksander Madry, 7,
SoE Dept/Lab/Center/Director Org, Markus Buehler, 6,
Department of Civil and Environmental Engineering, Andrew Whittle, 4,
Sloan School of Management, Drazen Prelec, 6,
Department of Aeronautics and Astronautics, Jeffrey Hoffman, 7,
Department of Biology, Omer Yilmaz, 7,
Department of Economics, Esther Duflo, 7,
McGovern Institute for Brain Research, Zhenghan Qi, 6,
Sloan School of Management, Deborah Ancona, 4,
Department of Urban Studies and Planning, Bishwapriya Sanyal, 5,
Kavli Institute for Astrophysics & Space Research, Frederick Baganoff, 8,
Dept of Electrical Engineering & Computer Science, Silvio Micali, 6,
Dept of Electrical Engineering & Computer Science, Stefanie Jegelka, 4,
Department of Materials Science and Engineering, Lionel Kimerling, 9,
Department of Physics, Vladan Vuletic, 1,
Department of Mechanical Engineering, Neville Hogan, 3,
Dept of Electrical Engineering & Computer Science, Yury Polyanskiy, 9,
Department of Urban Studies and Planning, Carlo Ratti, 9,
Department of Chemical Engineering, Gregory Rutledge, 7,
Department of Urban Studies and Planning, Rex Britter, 1,
Sloan School of Management, Roberto Fernandez, 3,
Department of Biology, Monty Krieger, 7,
Department of Urban Studies and Planning, Dennis Frenchman, 6,
Department of Physics, Robert Redwine, 6,
Dept of Electrical Engineering & Computer Science, Michael Stonebraker, 2,
Department of Mathematics, Jared Speck, 3,
Comparative Media Studies/Writing, Ryan Chin, 7,
Department of Political Science, Vipin Narang, 3,
Dept of Electrical Engineering & Computer Science, Louis Braida, 5,
Department of Brain and Cognitive Sciences, Rebecca Saxe, 8,
Department of Mechanical Engineering, Evelyn Wang, 7,
Department of Mechanical Engineering, Seth Lloyd, 1,
Department of Civil and Environmental Engineering, Oral Buyukozturk, 6,
Department of Mathematics, Scott Sheffield, 4,
Department of Brain and Cognitive Sciences, Earl Miller, 4,
Sloan School of Management, John Reilly, 5,
Haystack Observatory, Geoffrey Crew, 6,
Program in Media Arts and Sciences, Deb Roy, 7,
Plasma Science and Fusion Center, Robert Granetz, 7,
Department of Nuclear Science and Engineering, Ian Hutchinson, 9,
Kavli Institute for Astrophysics & Space Research, Gabor Furesz, 5,
Department of Mechanical Engineering, Lynette Jones, 1,
Department of Mechanical Engineering, Kenneth Kamrin, 3,
Department of Physics, Nergis Mavalvala, 9,
Department of Mechanical Engineering, Gang Chen, 1,
Department of Mechanical Engineering, John Heywood, 1,
Institute for Medical Engineering and Science, Jane-Jane Chen, 3,
Department of Chemistry, Mohammad Movassaghi, 5,
Department of Physics, Robert Simcoe, 1,
Department of Economics, Victor Chernozhukov, 7,
Dept of Electrical Engineering & Computer Science, Karl Berggren, 1,
Inst for Medical Eng. and Science Prof, Roger Mark, 3,
Department of Aeronautics and Astronautics, Paul Lagace, 8,
Department of Architecture, Arindam Dutta, 5,
Institute for Soldier Nanotechnologies, Simona Socrate, 2,
Laboratory for Information and Decision Systems, Kalyan Veeramachaneni, 8,
World Wide Web Consortium, Jeffrey Jaffe, 2,
Department of Mathematics, David Spivak, 6,
Dept of Electrical Engineering & Computer Science, David Perreault, 3,
Department of Mathematics, Jonathan Kelner, 7,
Materials Research Laboratory, Anuradha Agarwal, 2,
Dept of Electrical Engineering & Computer Science, Jack Dennis, 9,
Department of Mechanical Engineering, Paul Sclavounos, 5,
Laboratory for Nuclear Science, Linda Sugiyama, 1,
Inst for Medical Eng. and Science Prof, Lee Gehrke, 3,
Dept of Earth Atmospheric & Planetary Sciences, Margaret Pan, 8,
Plasma Science and Fusion Center, Jay Kesner, 1,
Comparative Media Studies/Writing, Eric Klopfer, 3,
Kavli Institute for Astrophysics & Space Research, David Huenemoerder, 10,
Comparative Media Studies/Writing, Edward Barrett, 4,
Department of Architecture, Skylar Tibbits, 8,
Comparative Media Studies/Writing, Scot Osterweil, 10,
Dept of Electrical Engineering & Computer Science, William Freeman, 1,
Department of Mathematics, George Lusztig, 10,
Plasma Science and Fusion Center, Yukikazu Iwasa, 10,
Media Laboratory, Lisa Freed, 2,
Dept of Earth Atmospheric & Planetary Sciences, Oliver Jagoutz, 6,
Materials Research Laboratory, Susan Dalton, 10,
Department of Mechanical Engineering, Chryssostomo Chryssostomidis, 4,
Department of Mechanical Engineering, Timothy Gutowski, 9,
MIT Energy Initiative, Sergey Paltsev, 10,
Program in Science Technology and Society, Michael Fischer, 7,
Sloan School of Management, John Sterman, 2,
Department of Chemistry, Timothy Jamison, 9,
Libraries, Nancy McGovern, 3,
Dept of Earth Atmospheric & Planetary Sciences, Kristin Bergmann, 3,
Institute for Data Systems and Society, Noelle Selin, 10,
Dept of Earth Atmospheric & Planetary Sciences, Tanja Bosak, 4,
Sloan School of Management, Thomas Malone, 9,
Department of Materials Science and Engineering, Alfredo Alexander-Katz, 9,
Dept of Earth Atmospheric & Planetary Sciences, Shuhei Ono, 10,
Dept of Earth Atmospheric & Planetary Sciences, Paola Rizzoli, 4,
Sloan School of Management, Eric von Hippel, 7,
Department of Mechanical Engineering, Amos Winter, 7,
Center for Collective Intelligence, Mark Klein, 4,
Department of Biological Engineering, Eric Alm, 2,
Aeronautics And Astronautics, M Burton, 8,
Department of Mechanical Engineering, Michael Triantafyllou, 6,
Department of Materials Science and Engineering, Elsa Olivetti, 7,
Sea Grant College Program, Thomas Consi, 1,
Department of Biological Engineering, Scott Manalis, 5,
Dept of Earth Atmospheric & Planetary Sciences, Michael Fehler, 9,
Department of Chemical Engineering, Bernhardt Trout, 1,
Comparative Media Studies/Writing, William Uricchio, 3,
Department of Physics, Lawrence Rosenson, 3,
Media Laboratory, Shuguang Zhang, 8,
Department of Civil and Environmental Engineering, Donna Hudson, 1,
Department of Architecture, Miho Mazereeuw, 2,
Department of Biological Engineering, Paul Blainey, 10,
Department of Materials Science and Engineering, Yoel Fink, 8,
Department of Chemistry, Jeremiah Johnson, 8,
Department of Biological Engineering, Leona Samson, 8,
Dept of Earth Atmospheric & Planetary Sciences, Paul O'Gorman, 7,
Department of Chemical Engineering, Bradley Olsen, 10,
Health Sciences and Technology Program, Elazer Edelman, 8,
Center for Global Change Science, Chien Wang, 3,
Chancellor's Office, Cynthia Barnhart, 8,
Department of Aeronautics and Astronautics, Edward Crawley, 4,
Department of Nuclear Science and Engineering, Michael Short, 10,
Department of Mathematics, Alan Edelman, 6,
Department of Political Science, Evan Lieberman, 1,
Program in Media Arts and Sciences, Ethan Zuckerman, 9,
Department of Physics, Mark Vogelsberger, 1,
Dept of Electrical Engineering & Computer Science, David Sontag, 8,
Haystack Observatory, Arthur Niell, 5,
Department of Brain and Cognitive Sciences, Feng Zhang, 2,
Department of Brain and Cognitive Sciences, Edward Gibson, 7,
McGovern Institute for Brain Research, Yuwen Hung, 5,
Dept of Electrical Engineering & Computer Science, David Gifford, 6,
Dept of Electrical Engineering & Computer Science, Jeffrey Lang, 3,
Sloan School of Management, Tavneet Suri, 8,
Department of Physics, Martin Zwierlein, 7,
Center for Global Change Science, Ronald Prinn, 2,
Department of Brain and Cognitive Sciences, John Gabrieli, 2,
Plasma Science and Fusion Center, James Irby, 10,
Department of Chemistry, Stephen Lippard, 7,
Department of Mechanical Engineering, David Wallace, 1,
Dept of Electrical Engineering & Computer Science, Markus Zahn, 2,
Dept of Electrical Engineering & Computer Science, Erich Ippen, 9,
Dept of Electrical Engineering & Computer Science, Piotr Indyk, 5,
Dept of Earth Atmospheric & Planetary Sciences, M. Toksoz, 3,
Department of Materials Science and Engineering, Harry Tuller, 6,
Haystack Observatory, Victor Pankratius, 7,
Department of Mechanical Engineering, George Barbastathis, 5,
Department of Aeronautics and Astronautics, Hamsa Balakrishnan, 3,
Nuclear Reactor Laboratory, David Moncton, 3,
Department of Architecture, James Wescoat, 2,
Department of Mechanical Engineering, Stanley Gershwin, 10,
Kavli Institute for Astrophysics & Space Research, Herman Marshall, 5,
Materials Research Laboratory, Randolph Kirchain, 7,
Department of Materials Science and Engineering, Niels Holten-Andersen, 1,
Department of Nuclear Science and Engineering, Dennis Whyte, 5,
Haystack Observatory, Anthea Coster, 2,
Dept of Electrical Engineering & Computer Science, Michael Watts, 7,
Department of Materials Science and Engineering, Polina Anikeeva, 6,
Department of Physics, Frank Taylor, 8,
Department of Aeronautics and Astronautics, Sertac Karaman, 6,
Sloan School of Management, Stuart Madnick, 5,
McGovern Institute for Brain Research, Ki Goosens, 5,
Dept of Electrical Engineering & Computer Science, Virginia Williams, 10,
Department of Physics, Stanley Kowalski, 2,
Institute for Medical Engineering and Science, Arup Chakraborty, 4,
Department of Mathematics, Michel Goemans, 7,
Office of the Provost, John Brisson, 6,
Department of Physics, Anna Frebel, 2,
Department of Nuclear Science and Engineering, Bilge Yildiz, 4,
Department of Physics, Samuel Ting, 3,
Dept of Electrical Engineering & Computer Science, Patrick Winston, 3,
Sloan School of Management, Valerie Karplus, 2,
Dept of Electrical Engineering & Computer Science, Konstantinos Daskalakis, 5,
Department of Materials Science and Engineering, Ming Dao, 6,
Plasma Science and Fusion Center, Leslie Bromberg, 3,
Department of Nuclear Science and Engineering, Ronald Ballinger, 5,
Dept of Electrical Engineering & Computer Science, Stefanie Mueller, 9,
Program in Media Arts and Sciences, Joseph Paradiso, 2,
Department of Mechanical Engineering, Nicolas Hadjiconstantinou, 6,
Department of Political Science, Lily Tsai, 8,
Department of Mechanical Engineering, Stefano Brizzolara, 5,
Department of Aeronautics and Astronautics, Robert Hansman, 6,
Sociotechnical Systems Research Center, Eric Rebentisch, 7,
Dept of Electrical Engineering & Computer Science, Pablo Parrilo, 9,
Dept of Electrical Engineering & Computer Science, Caroline Uhler, 6,
Department of Aeronautics and Astronautics, Charles Oman, 7,
Department of Civil and Environmental Engineering, Charles Harvey, 1,
Department of Biological Engineering, Bevin Engelward, 4,
Media Laboratory, V Bove, 2,
Department of Civil and Environmental Engineering, Heidi Nepf, 1,
Department of Physics, Senthil Todadri, 10,
Department of Mechanical Engineering, Domitilla Del Vecchio, 9,
Dept of Electrical Engineering & Computer Science, Judy Hoyt, 6,
Department of Chemistry, Elizabeth Nolan, 5,
Department of Nuclear Science and Engineering, Charles Forsberg, 4,
Department of Urban Studies and Planning, Lawrence Vale, 10,
Department of Physics, Nikta Fakhri, 7,
Department of Biology, Uttam Rajbhandary, 6,
Office of the Provost, Tenley Albright, 7,
Department of Mechanical Engineering, Maria Yang, 6,
Plasma Science and Fusion Center, Paul Woskov, 8,
Kavli Institute for Astrophysics & Space Research, Hans Guenther, 10,
Department of Physics, William Bertozzi, 3,
Open Learning Enterprise, Anant Agarwal, 2,
Department of Biological Engineering, Darrell Irvine, 10,
Department of Biology, Gene-Wei Li, 1,
Department of Civil and Environmental Engineering, Harold Hemond, 1,
Department of Chemical Engineering, Heather Kulik, 7,
Department of Mathematics, Steve Johnson, 4,
Media Laboratory, Michail Bletsas, 8,
Plasma Science and Fusion Center, Dongkeun Park, 8,
Department of Aeronautics and Astronautics, Deborah Nightingale, 7,
Department of Economics, Robert Townsend, 1,
Department of Mathematics, Peter Shor, 8,
Department of Chemistry, Jianshu Cao, 2,
Center for Global Change Science, Xiang Gao, 10,
Center for Transportation and Logistics, Joseph Coughlin, 9,
Department of Chemical Engineering, Kristala Prather, 2,
Department of Mechanical Engineering, Alexie Kolpak, 3,
Department of Aeronautics and Astronautics, Eytan Modiano, 4,
Department of Urban Studies and Planning, Jinhua Zhao, 5,
Plasma Science and Fusion Center, Makoto Takayasu, 7,
Department of Materials Science and Engineering, Caroline Ross, 4,
Materials Research Laboratory, Jurgen Michel, 3,
Department of Brain and Cognitive Sciences, Emery Brown, 6,
Department of Biology, Robert Sauer, 9,
Computer Science & Artificial Intelligence Lab, Daniel Weitzner, 7,
Department of Mechanical Engineering, Xuanhe Zhao, 8,
Department of Civil and Environmental Engineering, Roman Stocker, 1,
Department of Biology, Rudolf Jaenisch, 2,
SoE Dept/Lab/Center/Director Org, Nancy Lynch, 8,
DLC Heads Science, Li-Huei Tsai, 7,
Dept of Earth Atmospheric & Planetary Sciences, Gregory Fournier, 4,
Dept of Electrical Engineering & Computer Science, Tamara Broderick, 2,
Department of Biology, Christopher Burge, 6,
Department of Urban Studies and Planning, Brent Ryan, 8,
Office of the Vice President for Research, Marc Baldo, 7,
Department of Materials Science and Engineering, Samuel Allen, 5,
Institute for Medical Engineering and Science, Julie Greenberg, 6,
David H Koch Institute for Integrative Cancer Res, Scott Malstrom, 7,
Department of Nuclear Science and Engineering, Kord Smith, 3,
Department of Biology, Michael Laub, 4,
Department of Chemical Engineering, William Green, 2,
Department of Biology, Catherine Drennan, 9,
Department of Biological Engineering, Alan Jasanoff, 7,
Dept of Earth Atmospheric & Planetary Sciences, Richard Binzel, 8,
Department of Biological Engineering, Peter Dedon, 10,
Laboratory for Nuclear Science, James Kelsey, 5,
Department of Aeronautics and Astronautics, Nicholas Roy, 7,
Program in Media Arts and Sciences, Ramesh Raskar, 6,
Dept of Earth Atmospheric & Planetary Sciences, William Durham, 6,
DLC Heads Science, Robert van der Hilst, 8,
Department of Brain and Cognitive Sciences, Joshua Tenenbaum, 7,
Department of Mechanical Engineering, Roger Kamm, 7,
